Hash,File Paths
a07b88b2c773b1ec627ded78e439cb75,C:\SYNOLOGY\CODING\Chat Exports\backup as archive.md
79071c6326b2e97f349f41886175abc3,C:\SYNOLOGY\CODING\Chat Exports\Bard Features_233637.md
2945f9ed82eac83f09160808d864e351,C:\SYNOLOGY\CODING\Chat Exports\bard sample scrape nw_233647.md
e391c8bf2902c89ff696df7c6a20a506,C:\SYNOLOGY\CODING\Chat Exports\book_scraping_ChatGPT__233650.md
826f781512b8182deb68b3f926df6587,"C:\SYNOLOGY\CODING\Chat Exports\bs4 _requests commands_233650.md, C:\SYNOLOGY\CODING\Chat Exports\Saved_ChatGPT_.md, C:\SYNOLOGY\CODING\Chat Exports\Saved_ChatGPT__233738.md"
b0a3c6a3624e5509ce4ee7228d3e2db2,C:\SYNOLOGY\CODING\Chat Exports\Checklist for a Python Project_ Bard_233650.md
633e592acdc4484eb20eab56f30737b7,C:\SYNOLOGY\CODING\Chat Exports\Chocolaty ChatGPT__233650.md
e938ec842f094b726ebf26b925e2fe47,C:\SYNOLOGY\CODING\Chat Exports\Cholaty failed 310124_ChatGPT__233650.md
d5d1ef7d66d81f0eb6813adde8606c60,C:\SYNOLOGY\CODING\Chat Exports\Creating exe from py script_233651.md
514f57a668921b68801d9bc02f791e40,C:\SYNOLOGY\CODING\Chat Exports\Detailed Checklist for a Python Project Bard_233704.md
fa0cee8835c71f3e6cd1912cc3aae9b1,C:\SYNOLOGY\CODING\Chat Exports\Difference btwn Xpath_CSS selector_Bard  _233704.md
c79c5cfe0a9368314e22787f81657198,C:\SYNOLOGY\CODING\Chat Exports\Git Workflow Checklist_ Bard_233704.md
79786dd436838d729778f2f26f97e15d,C:\SYNOLOGY\CODING\Chat Exports\GPT 99acre no content scraped chats__233704.md
6c82f545e7379b5ba98bdc4ff660e19f,C:\SYNOLOGY\CODING\Chat Exports\I have a lot of JSON files_233705.md
f36eebe8d853db00e89e361c3e50c3bd,C:\SYNOLOGY\CODING\Chat Exports\igetintopc_scrape 240124ChatGPT__233715.md
aa8c2e8f2089aca9b3a3cc359525ea75,C:\SYNOLOGY\CODING\Chat Exports\js_info_scrap ChatGPT_233716.md
b2472be6bf7d79909c53f699080a9d54,C:\SYNOLOGY\CODING\Chat Exports\Learning Path for BeautifulSoup4_233716.md
1df9c7a0d7fae20516be1a9dd9495e20,C:\SYNOLOGY\CODING\Chat Exports\Overview of popular Python libraries_233721.md
f7b17ba0e2fea984a290adaa7dfe9c8f,C:\SYNOLOGY\CODING\Chat Exports\project setup _ChatGPT__233738.md
362c31ae0f55478bc6d5eb60480c3b44,C:\SYNOLOGY\CODING\Chat Exports\Python Project Checklist_ChatGPT__233738.md
2851fa5ed2fe493d42432f2093445bff,C:\SYNOLOGY\CODING\Chat Exports\scrape_ChatGPT__233738.md
b1b3183341ffd3fff7fd9cf06dabc5cf,C:\SYNOLOGY\CODING\Chat Exports\Selenium Selector Bard_233738.md
065216e176e32d9e080e46682d7b2bc3,C:\SYNOLOGY\CODING\Chat Exports\SumPDF Ph 111123_233738.md
4a16f64d05f6bdca14309beac6278994,C:\SYNOLOGY\CODING\Chat Exports\TODO List_233738.md
fc1f1adacd40caed42523bad5fb33858,C:\SYNOLOGY\CODING\Chat Exports\web scraping notes ChatGPT_233739.md
d7eec6c58fc797b23a63970a30d998c9,C:\SYNOLOGY\CODING\Chat Exports\whatsapp_message_ 270124ChatGPT__233745.md
027df4c05b0ebe232237e5125d78c1e4,C:\SYNOLOGY\CODING\Chat Exports\XPath Overview Bard_233754.md
f3d52250e46157238d1e5e1501531d06,C:\SYNOLOGY\CODING\Chat Exports\Z_Lib_scrape GPT 220124_02_233755.md
d41d8cd98f00b204e9800998ecf8427e,C:\SYNOLOGY\CODING\Chat Exports\Z_Lib_scrape GPT 220124_233754
